{
  "_fv": 33,
  "_type": "armor",
  "definition": {
    "enableHelmet": true,
    "textureHelmet": "magmastonearmor_head",
    "enableBody": true,
    "textureBody": "magmastonearmor_body",
    "enableLeggings": true,
    "textureLeggings": "magmastonearmor_leggings",
    "enableBoots": true,
    "textureBoots": "magmastonearmor_boots",
    "onHelmetTick": {
      "name": "StoneArmorLeggingsTickEvent"
    },
    "onBodyTick": {
      "name": "StoneArmorLeggingsTickEvent"
    },
    "onLeggingsTick": {
      "name": "StoneArmorLeggingsTickEvent"
    },
    "onBootsTick": {
      "name": "StoneArmorLeggingsTickEvent"
    },
    "creativeTab": {
      "value": "COMBAT"
    },
    "armorTextureFile": "magmastonearmor",
    "helmetName": "Stone Armor Helmet",
    "bodyName": "Magma Stone Chestplate",
    "leggingsName": " Magma Stone Leggings",
    "bootsName": " Magma Stone Boots",
    "helmetSpecialInfo": [],
    "bodySpecialInfo": [],
    "leggingsSpecialInfo": [],
    "bootsSpecialInfo": [],
    "helmetModelName": "Default",
    "helmetModelPart": "Helmet",
    "helmetModelTexture": "From armor",
    "bodyModelName": "Default",
    "bodyModelPart": "Body",
    "armsModelPartL": "Arms L",
    "armsModelPartR": "Arms R",
    "bodyModelTexture": "From armor",
    "leggingsModelName": "Default",
    "leggingsModelPartL": "Leggings L",
    "leggingsModelPartR": "Leggings R",
    "leggingsModelTexture": "From armor",
    "bootsModelName": "Default",
    "bootsModelPartL": "Boots L",
    "bootsModelPartR": "Boots R",
    "bootsModelTexture": "From armor",
    "helmetImmuneToFire": true,
    "bodyImmuneToFire": true,
    "leggingsImmuneToFire": true,
    "bootsImmuneToFire": true,
    "maxDamage": 250,
    "damageValueHelmet": 10,
    "damageValueBody": 20,
    "damageValueLeggings": 18,
    "damageValueBoots": 8,
    "enchantability": 100,
    "toughness": 5.0,
    "knockbackResistance": 1.0,
    "equipSound": {
      "value": "block.amethyst_block.step"
    },
    "repairItems": [
      {
        "value": "Blocks.COBBLESTONE"
      }
    ]
  }
}